{"cameraMode":{"drawMode":0,"name":"Shaded","section":"Shading Mode"},"sceneLighting":false,"audioPlay":false,"sceneViewState":{"m_AlwaysRefresh":false,"showFog":true,"showSkybox":false,"showFlares":true,"showImageEffects":true,"showParticleSystems":true,"showVisualEffectGraphs":true,"m_FxEnabled":true},"in2DMode":false,"pivot":{"x":-0.03868882358074188,"y":0.2949894666671753,"z":0.136508971452713},"rotation":{"x":0.21513620018959046,"y":-0.20763513445854188,"z":0.04686886817216873,"w":0.9531107544898987},"size":1.7660253047943116,"orthographic":false}