{"cameraMode":{"drawMode":0,"name":"Shaded","section":"Shading Mode"},"sceneLighting":true,"audioPlay":false,"sceneViewState":{"m_AlwaysRefresh":false,"showFog":true,"showSkybox":true,"showFlares":true,"showImageEffects":true,"showParticleSystems":true,"showVisualEffectGraphs":true,"m_FxEnabled":true},"in2DMode":false,"pivot":{"x":-0.10449707508087158,"y":-0.15850257873535157,"z":4.740520000457764},"rotation":{"x":0.5401076078414917,"y":-0.4568059742450714,"z":0.5375233292579651,"w":0.45900240540504458},"size":15.228708267211914,"orthographic":true}