{"cameraMode":{"drawMode":0,"name":"Shaded","section":"Shading Mode"},"sceneLighting":false,"audioPlay":false,"sceneViewState":{"m_AlwaysRefresh":false,"showFog":true,"showSkybox":false,"showFlares":true,"showImageEffects":true,"showParticleSystems":true,"showVisualEffectGraphs":true,"m_FxEnabled":true},"in2DMode":false,"pivot":{"x":0.05602598190307617,"y":3.8219597339630129,"z":-0.13859105110168458},"rotation":{"x":-0.11686766147613526,"y":0.7562359571456909,"z":-0.14065566658973695,"w":-0.6282990574836731},"size":6.354576587677002,"orthographic":false}